{
 "adapter": "gate2-clean",
 "data": "data/v1",
 "seed": 0,
 "eval_split": "val-heldout-layouts, val-heldout-predicates",
 "rollout": {
  "n": 500,
  "h1_err_median_by_type": {
   "state-changing": 65.66421508789062,
   "valid-no-op": 1.3332618474960327,
   "invalid": 1.3541616201400757
  },
  "h1_err_mean_by_type": {
   "state-changing": 62.61231758236547,
   "valid-no-op": 1.3460025215148925,
   "invalid": 1.4218348579274283
  },
  "err_median_by_horizon": {
   "1": 58.3919620513916,
   "2": 81.51333999633789,
   "3": 110.16606140136719
  }
 },
 "calibration": {
  "n": 500,
  "change_magnitude_median_by_type": {
   "state-changing": 1.4009343385696411,
   "valid-no-op": 1.270663857460022,
   "invalid": 1.3491277694702148
  },
  "auc_state_changing_vs_non": 0.6471494915525663
 },
 "voe": {
  "n": 300,
  "err_true_median": 65.85755920410156,
  "acc_vs_alt_action_foil": 0.48333333333333334,
  "acc_vs_two_edit_foil_copy_passable": 0.98
 },
 "goal_ranking": {
  "n_episodes": 100,
  "rank_acc_vs_random": 0.8682926829268293,
  "rank_acc_vs_invalid": 0.9170731707317074,
  "rank_margin_vs_random_median": 0.0244293212890625,
  "optimal_plan_final_goal_distance_median": 110.51891708374023,
  "executed_plan_distance_improved_frac": 1.0
 },
 "ckpt": "runs/gate2/slotpred/ckpt.pt"
}