{
 "adapter": "gate2-clean",
 "ckpt": "runs/gate2/round5-genllm-pretrained/ckpt.pt",
 "data": "data/v1",
 "seeds": [
  0,
  1,
  2,
  3,
  4
 ],
 "aggregate": {
  "rule_clauses.state_changing_h1_mean": {
   "mean": 63.94832561551219,
   "std": 0.8487152595580428,
   "min": 62.6203829141244,
   "max": 65.29503883827816,
   "n_seeds": 5
  },
  "rule_clauses.noop_h1_mean": {
   "mean": 1.646170698978402,
   "std": 0.03499638531997189,
   "min": 1.6070476115918626,
   "max": 1.6884339582175016,
   "n_seeds": 5
  },
  "rule_clauses.invalid_h1_mean": {
   "mean": 2.6344208102908366,
   "std": 0.11273287810476396,
   "min": 2.4737742043830253,
   "max": 2.761196890943929,
   "n_seeds": 5
  },
  "rule_clauses.auc_state_changing_vs_non": {
   "mean": 0.8031774847683124,
   "std": 0.019543855144020024,
   "min": 0.7752183492013534,
   "max": 0.8283373673431391,
   "n_seeds": 5
  },
  "voe.acc_vs_alt_action_foil": {
   "mean": 0.5253333333333334,
   "std": 0.03804091364716563,
   "min": 0.48,
   "max": 0.5666666666666667,
   "n_seeds": 5
  },
  "goal_ranking.rank_acc_vs_random": {
   "mean": 0.8331564549131943,
   "std": 0.025375852077841002,
   "min": 0.789980732177264,
   "max": 0.861878453038674,
   "n_seeds": 5
  },
  "goal_ranking.rank_acc_vs_invalid": {
   "mean": 0.8291856965538338,
   "std": 0.017483336601866618,
   "min": 0.8092485549132948,
   "max": 0.8602150537634409,
   "n_seeds": 5
  }
 },
 "per_seed": [
  {
   "adapter": "gate2-clean",
   "data": "data/v1",
   "seed": 0,
   "eval_split": "val-heldout-layouts, val-heldout-predicates",
   "rollout": {
    "n": 500,
    "h1_err_median_by_type": {
     "state-changing": 65.47406768798828,
     "valid-no-op": 1.568638563156128,
     "invalid": 1.7034134268760681
    },
    "h1_err_mean_by_type": {
     "state-changing": 62.6203829141244,
     "valid-no-op": 1.6168339045842488,
     "invalid": 2.5393263780408435
    },
    "err_median_by_horizon": {
     "1": 58.6328239440918,
     "2": 82.48118591308594,
     "3": 109.72987365722656
    }
   },
   "calibration": {
    "n": 500,
    "change_magnitude_median_by_type": {
     "state-changing": 4.364621877670288,
     "valid-no-op": 1.558079481124878,
     "invalid": 1.7245656251907349
    },
    "auc_state_changing_vs_non": 0.7969813435823525
   },
   "voe": {
    "n": 300,
    "n_alt_foils": 300,
    "n_two_edit_foils": 300,
    "foils_dropped_alt": 0,
    "foils_dropped_two_edit": 0,
    "err_true_median": 65.42141723632812,
    "acc_vs_alt_action_foil": 0.48,
    "acc_vs_two_edit_foil_copy_passable": 0.9833333333333333
   },
   "goal_ranking": {
    "n_episodes": 100,
    "episode_stratification": "round-robin over predicate kinds",
    "exemplar_ctx": "clean (exemplars always render banner=None/noise=None; finding 19 caveat for contaminated-input runs)",
    "rank_acc_vs_random": 0.8315508021390374,
    "rank_acc_vs_random_by_kind": {
     "cwd_is": {
      "acc": 0.68,
      "n": 150
     },
     "file_absent": {
      "acc": 0.6333333333333333,
      "n": 75
     },
     "file_exists": {
      "acc": 0.9358974358974359,
      "n": 156
     },
     "file_exists_with_class": {
      "acc": 0.95,
      "n": 180
     }
    },
    "rank_acc_vs_invalid": 0.8235294117647058,
    "rank_margin_vs_random_median": 0.6242599487304688,
    "optimal_plan_final_goal_distance_median": 87.91787719726562,
    "executed_plan_distance_improved_frac": 1.0
   },
   "rule_clauses": {
    "scoring": "means (medians never used for clause verdicts)",
    "state_changing_h1_mean": 62.6203829141244,
    "noop_h1_mean": 1.6168339045842488,
    "invalid_h1_mean": 2.5393263780408435,
    "auc_state_changing_vs_non": 0.7969813435823525
   },
   "ckpt": "runs/gate2/round5-genllm-pretrained/ckpt.pt"
  },
  {
   "adapter": "gate2-clean",
   "data": "data/v1",
   "seed": 1,
   "eval_split": "val-heldout-layouts, val-heldout-predicates",
   "rollout": {
    "n": 500,
    "h1_err_median_by_type": {
     "state-changing": 65.37887954711914,
     "valid-no-op": 1.566121518611908,
     "invalid": 1.7170116305351257
    },
    "h1_err_mean_by_type": {
     "state-changing": 63.86287663744382,
     "valid-no-op": 1.6875811706889758,
     "invalid": 2.4737742043830253
    },
    "err_median_by_horizon": {
     "1": 61.11742401123047,
     "2": 83.2115364074707,
     "3": 111.5478286743164
    }
   },
   "calibration": {
    "n": 500,
    "change_magnitude_median_by_type": {
     "state-changing": 3.6995034217834473,
     "valid-no-op": 1.5713450908660889,
     "invalid": 1.6911859512329102
    },
    "auc_state_changing_vs_non": 0.7752183492013534
   },
   "voe": {
    "n": 300,
    "n_alt_foils": 300,
    "n_two_edit_foils": 300,
    "foils_dropped_alt": 0,
    "foils_dropped_two_edit": 0,
    "err_true_median": 66.02754592895508,
    "acc_vs_alt_action_foil": 0.54,
    "acc_vs_two_edit_foil_copy_passable": 0.99
   },
   "goal_ranking": {
    "n_episodes": 100,
    "episode_stratification": "round-robin over predicate kinds",
    "exemplar_ctx": "clean (exemplars always render banner=None/noise=None; finding 19 caveat for contaminated-input runs)",
    "rank_acc_vs_random": 0.8270609318996416,
    "rank_acc_vs_random_by_kind": {
     "cwd_is": {
      "acc": 0.7283950617283951,
      "n": 162
     },
     "file_absent": {
      "acc": 0.68,
      "n": 75
     },
     "file_exists": {
      "acc": 0.9433962264150944,
      "n": 159
     },
     "file_exists_with_class": {
      "acc": 0.8796296296296297,
      "n": 162
     }
    },
    "rank_acc_vs_invalid": 0.8602150537634409,
    "rank_margin_vs_random_median": 0.5868873596191406,
    "optimal_plan_final_goal_distance_median": 87.54878234863281,
    "executed_plan_distance_improved_frac": 1.0
   },
   "rule_clauses": {
    "scoring": "means (medians never used for clause verdicts)",
    "state_changing_h1_mean": 63.86287663744382,
    "noop_h1_mean": 1.6875811706889758,
    "invalid_h1_mean": 2.4737742043830253,
    "auc_state_changing_vs_non": 0.7752183492013534
   },
   "ckpt": "runs/gate2/round5-genllm-pretrained/ckpt.pt"
  },
  {
   "adapter": "gate2-clean",
   "data": "data/v1",
   "seed": 2,
   "eval_split": "val-heldout-layouts, val-heldout-predicates",
   "rollout": {
    "n": 500,
    "h1_err_median_by_type": {
     "state-changing": 66.60077667236328,
     "valid-no-op": 1.5589592456817627,
     "invalid": 1.7743980884552002
    },
    "h1_err_mean_by_type": {
     "state-changing": 65.29503883827816,
     "valid-no-op": 1.6309568498094202,
     "invalid": 2.652507862348235
    },
    "err_median_by_horizon": {
     "1": 59.51853561401367,
     "2": 79.00115966796875,
     "3": 107.91048812866211
    }
   },
   "calibration": {
    "n": 500,
    "change_magnitude_median_by_type": {
     "state-changing": 4.851174354553223,
     "valid-no-op": 1.5677833557128906,
     "invalid": 1.6986122131347656
    },
    "auc_state_changing_vs_non": 0.7932490303813833
   },
   "voe": {
    "n": 300,
    "n_alt_foils": 300,
    "n_two_edit_foils": 300,
    "foils_dropped_alt": 0,
    "foils_dropped_two_edit": 0,
    "err_true_median": 65.19158172607422,
    "acc_vs_alt_action_foil": 0.56,
    "acc_vs_two_edit_foil_copy_passable": 1.0
   },
   "goal_ranking": {
    "n_episodes": 100,
    "episode_stratification": "round-robin over predicate kinds",
    "exemplar_ctx": "clean (exemplars always render banner=None/noise=None; finding 19 caveat for contaminated-input runs)",
    "rank_acc_vs_random": 0.789980732177264,
    "rank_acc_vs_random_by_kind": {
     "cwd_is": {
      "acc": 0.6407407407407407,
      "n": 135
     },
     "file_absent": {
      "acc": 0.6466666666666666,
      "n": 75
     },
     "file_exists": {
      "acc": 0.8979591836734694,
      "n": 147
     },
     "file_exists_with_class": {
      "acc": 0.8827160493827161,
      "n": 162
     }
    },
    "rank_acc_vs_invalid": 0.8092485549132948,
    "rank_margin_vs_random_median": 0.3618011474609375,
    "optimal_plan_final_goal_distance_median": 76.03621673583984,