{
 "adapter": "gate2-clean",
 "data": "data/v1",
 "seed": 0,
 "eval_split": "val-heldout-layouts, val-heldout-predicates",
 "rollout": {
  "n": 500,
  "h1_err_median_by_type": {
   "state-changing": 100.95069885253906,
   "valid-no-op": 41.06361389160156,
   "invalid": 45.851205825805664
  },
  "h1_err_mean_by_type": {
   "state-changing": 122.65072554029081,
   "valid-no-op": 41.96504028320312,
   "invalid": 55.44022607803345
  },
  "err_median_by_horizon": {
   "1": 91.23275756835938,
   "2": 122.53716659545898,
   "3": 162.1792449951172
  }
 },
 "calibration": {
  "n": 500,
  "change_magnitude_median_by_type": {
   "state-changing": 51.176889419555664,
   "valid-no-op": 40.19353485107422,
   "invalid": 46.48338317871094
  },
  "auc_state_changing_vs_non": 0.7194731363599968
 },
 "voe": {
  "n": 300,
  "err_true_median": 101.31768035888672,
  "acc_vs_alt_action_foil": 0.6366666666666667,
  "acc_vs_two_edit_foil_copy_passable": 0.9766666666666667
 },
 "goal_ranking": {
  "n_episodes": 100,
  "rank_acc_vs_random": 0.4894308943089431,
  "rank_acc_vs_invalid": 0.5024390243902439,
  "rank_margin_vs_random_median": -0.12212371826171875,
  "optimal_plan_final_goal_distance_median": 173.83937072753906,
  "executed_plan_distance_improved_frac": 1.0
 },
 "ckpt": "runs/gate2/slotpred-v2/ckpt.pt"
}