{
 "adapter": "gate2-both",
 "data": "data/v1",
 "seed": 0,
 "eval_split": "val-heldout-layouts, val-heldout-predicates",
 "rollout": {
  "n": 500,
  "h1_err_median_by_type": {
   "state-changing": 142.96768188476562,
   "valid-no-op": 93.55322265625,
   "invalid": 101.5505485534668
  },
  "h1_err_mean_by_type": {
   "state-changing": 166.37082291730064,
   "valid-no-op": 94.7444785563151,
   "invalid": 110.08009783426921
  },
  "err_median_by_horizon": {
   "1": 131.41327667236328,
   "2": 158.68374633789062,
   "3": 194.06903076171875
  }
 },
 "calibration": {
  "n": 500,
  "change_magnitude_median_by_type": {
   "state-changing": 104.94207763671875,
   "valid-no-op": 89.4472885131836,
   "invalid": 97.8837661743164
  },
  "auc_state_changing_vs_non": 0.6852229962366883
 },
 "voe": {
  "n": 300,
  "err_true_median": 143.79546356201172,
  "acc_vs_alt_action_foil": 0.66,
  "acc_vs_two_edit_foil_copy_passable": 0.9766666666666667
 },
 "goal_ranking": {
  "n_episodes": 100,
  "rank_acc_vs_random": 0.47804878048780486,
  "rank_acc_vs_invalid": 0.4926829268292683,
  "rank_margin_vs_random_median": -0.16943359375,
  "optimal_plan_final_goal_distance_median": 188.76641845703125,
  "executed_plan_distance_improved_frac": 1.0
 },
 "ckpt": "runs/gate2/slotpred-v2/ckpt.pt"
}