{
 "ckpt": "runs/sigreg-v1-s0-4k/ckpt.pt",
 "regime": "both",
 "eval_split": "seen-layouts-heldout-trajectories",
 "fit_states": 20000,
 "eval_states": 2200,
 "eval_trajs_dropped_unseen_layout": 112,
 "probe_fit": {
  "steps": 400,
  "batch": 4096,
  "lr": 0.01
 },
 "chance_floors": {
  "cwd_majority": 0.15000000596046448,
  "exists_pos_rate": 0.05641825124621391,
  "exists_balacc_chance": 0.5,
  "cls_majority_given_exists": 0.17768478393554688,
  "banner_chance": 0.015625
 },
 "linear": {
  "cwd_acc": 0.17181818187236786,
  "exists_balacc": 0.5353442132472992,
  "cls_acc_given_exists": 0.30990225076675415,
  "macro": 0.33902154862880707,
  "banner_acc": 0.016363635659217834,
  "by_depth": {
   "1": {
    "exists_balacc": 0.593822792172432,
    "cls_acc_given_exists": 0.2272615283727646
   },
   "2": {
    "exists_balacc": 0.5462403558194637,
    "cls_acc_given_exists": 0.269618421792984
   },
   "3": {
    "exists_balacc": 0.5027140106540173,
    "cls_acc_given_exists": 0.35635456442832947
   }
  }
 },
 "mlp": {
  "cwd_acc": 0.15727272629737854,
  "exists_balacc": 0.6199701577425003,
  "cls_acc_given_exists": 0.4715048670768738,
  "macro": 0.41624925037225086,
  "banner_acc": 0.009545454755425453,
  "by_depth": {
   "1": {
    "exists_balacc": 0.6577314585447311,
    "cls_acc_given_exists": 0.3662804961204529
   },
   "2": {
    "exists_balacc": 0.6129191517829895,
    "cls_acc_given_exists": 0.4477141797542572
   },
   "3": {
    "exists_balacc": 0.5922414883971214,
    "cls_acc_given_exists": 0.5125192999839783
   }
  }
 },
 "banner_swap_audit": {
  "banner_swap_dz_median": 0.09470567852258682,
  "state_change_dz_median": 1.2853403091430664,
  "ratio": 0.07368140667676926
 }
}