{
 "data": "data/real",
 "model": "answerdotai/ModernBERT-base",
 "train_steps": 3240,
 "git_steps": 1440,
 "pretrained": {
  "success": {
   "held_out_git_pos_rate": 0.6666666865348816,
   "linear": {
    "balacc": 0.7218749970197678,
    "auc": 1.0
   },
   "mlp": {
    "balacc": 0.875,
    "auc": 1.0
   }
  },
  "state_change": {
   "held_out_git_pos_rate": 0.1666666716337204,
   "linear": {
    "balacc": 0.9820833206176758,
    "auc": 1.0
   },
   "mlp": {
    "balacc": 0.9995833337306976,
    "auc": 1.0
   }
  }
 },
 "random_init": {
  "success": {
   "held_out_git_pos_rate": 0.6666666865348816,
   "linear": {
    "balacc": 0.5614583343267441,
    "auc": 0.8710351586341858
   },
   "mlp": {
    "balacc": 0.6369791626930237,
    "auc": 0.8517903685569763
   }
  },
  "state_change": {
   "held_out_git_pos_rate": 0.1666666716337204,
   "linear": {
    "balacc": 0.8425000011920929,
    "auc": 1.0
   },
   "mlp": {
    "balacc": 0.9020833373069763,
    "auc": 1.0
   }
  }
 },
 "pretraining_margin_git": {
  "success": {
   "linear": 0.129,
   "mlp": 0.148
  },
  "state_change": {
   "linear": 0.0,
   "mlp": 0.0
  }
 }
}