{
 "data": "data/real",
 "seed": 0,
 "steps": 3000,
 "train_transitions": 3240,
 "git_transitions": 1440,
 "git": {
  "latent": {
   "wm_mse": 1.4532850980758667,
   "copy_mse": 2.210923194885254,
   "wm_beats_copy_frac": 0.9041666388511658
  },
  "outcome": {
   "success": {
    "wm_auc": 0.49590927362442017,
    "context_only_auc": 0.5042306780815125,
    "pos_rate": 0.6666666865348816
   },
   "change": {
    "wm_auc": 0.8557465076446533,
    "context_only_auc": 0.6662499904632568,
    "pos_rate": 0.1666666716337204
   }
  },
  "command_discrimination_rank": 0.7619791626930237
 }
}