{
 "ckpt": "runs/slot3-v1-s0-4k/ckpt.pt",
 "regime": "both",
 "eval_split": "seen-layouts-heldout-trajectories",
 "fit_states": 20000,
 "eval_states": 2200,
 "eval_trajs_dropped_unseen_layout": 112,
 "probe_fit": {
  "steps": 400,
  "batch": 4096,
  "lr": 0.003,
  "standardized": true
 },
 "legacy_keys_dropped": [],
 "chance_floors": {
  "cwd_majority": 0.15000000596046448,
  "exists_pos_rate": 0.05641825124621391,
  "exists_balacc_chance": 0.5,
  "cls_majority_given_exists": 0.17768478393554688,
  "banner_chance": 0.015625
 },
 "encoder_d_out": 1024,
 "linear": {
  "cwd_acc": 0.16545455157756805,
  "exists_balacc": 0.5935252010822296,
  "cls_acc_given_exists": 0.35952284932136536,
  "macro": 0.3728342006603877,
  "banner_acc": 0.24409091472625732,
  "by_depth": {
   "1": {
    "exists_balacc": 0.6889668405056,
    "cls_acc_given_exists": 0.2740941643714905
   },
   "2": {
    "exists_balacc": 0.6359425634145737,
    "cls_acc_given_exists": 0.32748380303382874
   },
   "3": {
    "exists_balacc": 0.510518005117774,
    "cls_acc_given_exists": 0.40121039748191833
   }
  }
 },
 "mlp": {
  "cwd_acc": 0.2277272790670395,
  "exists_balacc": 0.6607106178998947,
  "cls_acc_given_exists": 0.45732754468917847,
  "macro": 0.44858848055203754,
  "banner_acc": 0.1709090918302536,
  "by_depth": {
   "1": {
    "exists_balacc": 0.6826826632022858,
    "cls_acc_given_exists": 0.41311314702033997
   },
   "2": {
    "exists_balacc": 0.651913970708847,
    "cls_acc_given_exists": 0.45680344104766846
   },
   "3": {
    "exists_balacc": 0.6322427690029144,
    "cls_acc_given_exists": 0.46831613779067993
   }
  }
 },
 "banner_swap_audit": {
  "banner_swap_dz_median": 8.601401329040527,
  "state_change_dz_median": 2.669381618499756,
  "ratio": 3.22224497795105
 }
}