{
 "final|0|4000": {
  "base": 0.26705624110109155,
  "predict_mean": 0.016166350261034645,
  "retrieve_by_cmd": 0.26705624110109155,
  "no_history": 0.261390602752729,
  "copy_prev": 0.12704674893213097
 },
 "final|1|4000": {
  "base": 0.2630220692928334,
  "predict_mean": 0.015780730897009966,
  "retrieve_by_cmd": 0.2630220692928334,
  "no_history": 0.2614202657807309,
  "copy_prev": 0.126750118652112
 },
 "final|2|4000": {
  "base": 0.26809444708115804,
  "predict_mean": 0.016196013289036547,
  "retrieve_by_cmd": 0.26809444708115804,
  "no_history": 0.2594921689606075,
  "copy_prev": 0.12657214048410062
 },
 "inner|0|1000": {
  "base": 0.24790869980879543,
  "predict_mean": 0.01583413001912046,
  "retrieve_by_cmd": 0.24790869980879543,
  "no_history": 0.19478967495219887,
  "copy_prev": 0.11971199808795412
 },
 "inner|0|4000": {
  "base": 0.24790869980879543,
  "predict_mean": 0.01583413001912046,
  "retrieve_by_cmd": 0.24790869980879543,
  "no_history": 0.2399916347992352,
  "copy_prev": 0.11971199808795412
 },
 "inner|1|4000": {
  "base": 0.245697896749522,
  "predict_mean": 0.015953632887189293,
  "retrieve_by_cmd": 0.245697896749522,
  "no_history": 0.23846797323135754,
  "copy_prev": 0.1193534894837476
 },
 "inner|2|4000": {
  "base": 0.25059751434034416,
  "predict_mean": 0.01577437858508604,
  "retrieve_by_cmd": 0.25059751434034416,
  "no_history": 0.23825884321223711,
  "copy_prev": 0.1193236137667304
 }
}