{
 "adapter": "gate2-clean",
 "ckpt": "runs/gate2/round4-pretrained-ew10/ckpt.pt",
 "data": "data/v1",
 "seeds": [
  0,
  1,
  2,
  3,
  4
 ],
 "aggregate": {
  "rule_clauses.state_changing_h1_mean": {
   "mean": 69.0862820550665,
   "std": 0.6898247713089847,
   "min": 68.27285367301099,
   "max": 70.17437797242945,
   "n_seeds": 5
  },
  "rule_clauses.noop_h1_mean": {
   "mean": 10.327084493246117,
   "std": 0.11288590047259613,
   "min": 10.186737496974105,
   "max": 10.50021522695368,
   "n_seeds": 5
  },
  "rule_clauses.invalid_h1_mean": {
   "mean": 17.0199898808351,
   "std": 0.44122767050053174,
   "min": 16.513874337479876,
   "max": 17.620952317589207,
   "n_seeds": 5
  },
  "rule_clauses.auc_state_changing_vs_non": {
   "mean": 0.8686323492639769,
   "std": 0.00840363287250337,
   "min": 0.858944,
   "max": 0.8820324179715162,
   "n_seeds": 5
  },
  "voe.acc_vs_alt_action_foil": {
   "mean": 0.5713333333333332,
   "std": 0.027535835237417854,
   "min": 0.5366666666666666,
   "max": 0.6033333333333334,
   "n_seeds": 5
  },
  "goal_ranking.rank_acc_vs_random": {
   "mean": 0.7738631936536111,
   "std": 0.01608909094145183,
   "min": 0.7442067736185384,
   "max": 0.791907514450867,
   "n_seeds": 5
  },
  "goal_ranking.rank_acc_vs_invalid": {
   "mean": 0.6933494612242113,
   "std": 0.019410296561487315,
   "min": 0.6720430107526881,
   "max": 0.7252747252747253,
   "n_seeds": 5
  }
 },
 "per_seed": [
  {
   "adapter": "gate2-clean",
   "data": "data/v1",
   "seed": 0,
   "eval_split": "val-heldout-layouts, val-heldout-predicates",
   "rollout": {
    "n": 500,
    "h1_err_median_by_type": {
     "state-changing": 70.43965911865234,
     "valid-no-op": 9.693465232849121,
     "invalid": 15.059278964996338
    },
    "h1_err_mean_by_type": {
     "state-changing": 68.27285367301099,
     "valid-no-op": 10.296526215871175,
     "invalid": 16.586948050392998
    },
    "err_median_by_horizon": {
     "1": 63.85854911804199,
     "2": 86.79807662963867,
     "3": 116.45701217651367
    }
   },
   "calibration": {
    "n": 500,
    "change_magnitude_median_by_type": {
     "state-changing": 23.210583686828613,
     "valid-no-op": 9.315201759338379,
     "invalid": 17.63872528076172
    },
    "auc_state_changing_vs_non": 0.8674033149171271
   },
   "voe": {
    "n": 300,
    "n_alt_foils": 300,
    "n_two_edit_foils": 300,
    "foils_dropped_alt": 0,
    "foils_dropped_two_edit": 0,
    "err_true_median": 70.94828033447266,
    "acc_vs_alt_action_foil": 0.5366666666666666,
    "acc_vs_two_edit_foil_copy_passable": 0.99
   },
   "goal_ranking": {
    "n_episodes": 100,
    "episode_stratification": "round-robin over predicate kinds",
    "exemplar_ctx": "clean (exemplars always render banner=None/noise=None; finding 19 caveat for contaminated-input runs)",
    "rank_acc_vs_random": 0.7442067736185384,
    "rank_acc_vs_random_by_kind": {
     "cwd_is": {
      "acc": 0.7466666666666667,
      "n": 150
     },
     "file_absent": {
      "acc": 0.82,
      "n": 75
     },
     "file_exists": {
      "acc": 0.7115384615384616,
      "n": 156
     },
     "file_exists_with_class": {
      "acc": 0.7388888888888889,
      "n": 180
     }
    },
    "rank_acc_vs_invalid": 0.679144385026738,
    "rank_margin_vs_random_median": 1.7555923461914062,
    "optimal_plan_final_goal_distance_median": 92.00111389160156,
    "executed_plan_distance_improved_frac": 1.0
   },
   "rule_clauses": {
    "scoring": "means (medians never used for clause verdicts)",
    "state_changing_h1_mean": 68.27285367301099,
    "noop_h1_mean": 10.296526215871175,
    "invalid_h1_mean": 16.586948050392998,
    "auc_state_changing_vs_non": 0.8674033149171271
   },
   "ckpt": "runs/gate2/round4-pretrained-ew10/ckpt.pt"
  },
  {
   "adapter": "gate2-clean",
   "data": "data/v1",
   "seed": 1,
   "eval_split": "val-heldout-layouts, val-heldout-predicates",
   "rollout": {
    "n": 500,
    "h1_err_median_by_type": {
     "state-changing": 70.48748779296875,
     "valid-no-op": 9.53619909286499,
     "invalid": 16.303138732910156
    },
    "h1_err_mean_by_type": {
     "state-changing": 68.66266124285953,
     "valid-no-op": 10.50021522695368,
     "invalid": 16.513874337479876
    },
    "err_median_by_horizon": {
     "1": 65.6771011352539,
     "2": 88.04487228393555,
     "3": 117.80395889282227
    }
   },
   "calibration": {
    "n": 500,
    "change_magnitude_median_by_type": {
     "state-changing": 22.309860229492188,
     "valid-no-op": 9.813419342041016,
     "invalid": 14.473896980285645
    },
    "auc_state_changing_vs_non": 0.8820324179715162
   },
   "voe": {
    "n": 300,
    "n_alt_foils": 300,
    "n_two_edit_foils": 300,
    "foils_dropped_alt": 0,
    "foils_dropped_two_edit": 0,
    "err_true_median": 71.34135437011719,
    "acc_vs_alt_action_foil": 0.59,
    "acc_vs_two_edit_foil_copy_passable": 0.99
   },
   "goal_ranking": {
    "n_episodes": 100,
    "episode_stratification": "round-robin over predicate kinds",
    "exemplar_ctx": "clean (exemplars always render banner=None/noise=None; finding 19 caveat for contaminated-input runs)",
    "rank_acc_vs_random": 0.7831541218637993,
    "rank_acc_vs_random_by_kind": {
     "cwd_is": {
      "acc": 0.8703703703703703,
      "n": 162
     },
     "file_absent": {
      "acc": 0.92,
      "n": 75
     },
     "file_exists": {
      "acc": 0.6981132075471698,
      "n": 159
     },
     "file_exists_with_class": {
      "acc": 0.7160493827160493,
      "n": 162
     }
    },
    "rank_acc_vs_invalid": 0.6720430107526881,
    "rank_margin_vs_random_median": 2.4720458984375,
    "optimal_plan_final_goal_distance_median": 94.38294219970703,
    "executed_plan_distance_improved_frac": 1.0
   },
   "rule_clauses": {
    "scoring": "means (medians never used for clause verdicts)",
    "state_changing_h1_mean": 68.66266124285953,
    "noop_h1_mean": 10.50021522695368,
    "invalid_h1_mean": 16.513874337479876,
    "auc_state_changing_vs_non": 0.8820324179715162
   },
   "ckpt": "runs/gate2/round4-pretrained-ew10/ckpt.pt"
  },
  {
   "adapter": "gate2-clean",
   "data": "data/v1",
   "seed": 2,
   "eval_split": "val-heldout-layouts, val-heldout-predicates",
   "rollout": {
    "n": 500,
    "h1_err_median_by_type": {
     "state-changing": 71.47872924804688,
     "valid-no-op": 9.433772087097168,
     "invalid": 18.570289611816406
    },
    "h1_err_mean_by_type": {
     "state-changing": 70.17437797242945,
     "valid-no-op": 10.186737496974105,
     "invalid": 17.42508243175035
    },
    "err_median_by_horizon": {
     "1": 64.66728973388672,
     "2": 85.09158325195312,
     "3": 114.53988647460938
    }
   },
   "calibration": {
    "n": 500,
    "change_magnitude_median_by_type": {
     "state-changing": 23.17924404144287,
     "valid-no-op": 9.558649063110352,
     "invalid": 17.090639114379883
    },
    "auc_state_changing_vs_non": 0.8612637362637363
   },
   "voe": {
    "n": 300,
    "n_alt_foils": 300,
    "n_two_edit_foils": 300,
    "foils_dropped_alt": 0,
    "foils_dropped_two_edit": 0,
    "err_true_median": 70.48125457763672,
    "acc_vs_alt_action_foil": 0.5866666666666667,
    "acc_vs_two_edit_foil_copy_passable": 1.0
   },
   "goal_ranking": {
    "n_episodes": 100,
    "episode_stratification": "round-robin over predicate kinds",
    "exemplar_ctx": "clean (exemplars always render banner=None/noise=None; finding 19 caveat for contaminated-input runs)",
    "rank_acc_vs_random": 0.791907514450867,
    "rank_acc_vs_random_by_kind": {
     "cwd_is": {
      "acc": 0.8851851851851852,
      "n": 135
     },
     "file_absent": {
      "acc": 0.8333333333333334,
      "n": 75
     },
     "file_exists": {
      "acc": 0.7482993197278912,
      "n": 147
     },
     "file_exists_with_class": {
      "acc": 0.7345679012345679,
      "n": 162
     }
    },
    "rank_acc_vs_invalid": 0.7052023121387283,
    "rank_margin_vs_random_median": 2.6321258544921875,