{
 "adapter": "gate2-clean",
 "ckpt": "runs/gate2/round5-genllm-randinit/ckpt.pt",
 "data": "data/v1",
 "seeds": [
  0,
  1,
  2,
  3,
  4
 ],
 "aggregate": {
  "rule_clauses.state_changing_h1_mean": {
   "mean": 66.88872192289189,
   "std": 0.8367710139008693,
   "min": 65.58077475572105,
   "max": 68.21727013046092,
   "n_seeds": 5
  },
  "rule_clauses.noop_h1_mean": {
   "mean": 5.321005067863514,
   "std": 0.03844094938367587,
   "min": 5.277511425018311,
   "max": 5.391655273735523,
   "n_seeds": 5
  },
  "rule_clauses.invalid_h1_mean": {
   "mean": 6.362717191850388,
   "std": 0.11128258822447276,
   "min": 6.227731234318501,
   "max": 6.525744871089333,
   "n_seeds": 5
  },
  "rule_clauses.auc_state_changing_vs_non": {
   "mean": 0.8030088124541805,
   "std": 0.016769096794514556,
   "min": 0.7787394759619167,
   "max": 0.8260824592978754,
   "n_seeds": 5
  },
  "voe.acc_vs_alt_action_foil": {
   "mean": 0.5286666666666667,
   "std": 0.035125172992851984,
   "min": 0.48333333333333334,
   "max": 0.5633333333333334,
   "n_seeds": 5
  },
  "goal_ranking.rank_acc_vs_random": {
   "mean": 0.8314646598832087,
   "std": 0.0234798698414262,
   "min": 0.789980732177264,
   "max": 0.8553113553113553,
   "n_seeds": 5
  },
  "goal_ranking.rank_acc_vs_invalid": {
   "mean": 0.8534493531558727,
   "std": 0.01821230983482655,
   "min": 0.8323699421965318,
   "max": 0.8846153846153846,
   "n_seeds": 5
  }
 },
 "per_seed": [
  {
   "adapter": "gate2-clean",
   "data": "data/v1",
   "seed": 0,
   "eval_split": "val-heldout-layouts, val-heldout-predicates",
   "rollout": {
    "n": 500,
    "h1_err_median_by_type": {
     "state-changing": 68.27949523925781,
     "valid-no-op": 5.136107444763184,
     "invalid": 5.469705104827881
    },
    "h1_err_mean_by_type": {
     "state-changing": 65.58077475572105,
     "valid-no-op": 5.277511425018311,
     "invalid": 6.295783857504527
    },
    "err_median_by_horizon": {
     "1": 61.65577507019043,
     "2": 85.26842880249023,
     "3": 112.61840057373047
    }
   },
   "calibration": {
    "n": 500,
    "change_magnitude_median_by_type": {
     "state-changing": 8.308401107788086,
     "valid-no-op": 5.062539100646973,
     "invalid": 5.59631872177124
    },
    "auc_state_changing_vs_non": 0.8020257826887661
   },
   "voe": {
    "n": 300,
    "n_alt_foils": 300,
    "n_two_edit_foils": 300,
    "foils_dropped_alt": 0,
    "foils_dropped_two_edit": 0,
    "err_true_median": 68.1708755493164,
    "acc_vs_alt_action_foil": 0.48333333333333334,
    "acc_vs_two_edit_foil_copy_passable": 0.9833333333333333
   },
   "goal_ranking": {
    "n_episodes": 100,
    "episode_stratification": "round-robin over predicate kinds",
    "exemplar_ctx": "clean (exemplars always render banner=None/noise=None; finding 19 caveat for contaminated-input runs)",
    "rank_acc_vs_random": 0.8404634581105169,
    "rank_acc_vs_random_by_kind": {
     "cwd_is": {
      "acc": 0.6666666666666666,
      "n": 150
     },
     "file_absent": {
      "acc": 0.8466666666666667,
      "n": 75
     },
     "file_exists": {
      "acc": 0.8782051282051282,
      "n": 156
     },
     "file_exists_with_class": {
      "acc": 0.95,
      "n": 180
     }
    },
    "rank_acc_vs_invalid": 0.8502673796791443,
    "rank_margin_vs_random_median": 0.629638671875,
    "optimal_plan_final_goal_distance_median": 90.88879013061523,
    "executed_plan_distance_improved_frac": 1.0
   },
   "rule_clauses": {
    "scoring": "means (medians never used for clause verdicts)",
    "state_changing_h1_mean": 65.58077475572105,
    "noop_h1_mean": 5.277511425018311,
    "invalid_h1_mean": 6.295783857504527,
    "auc_state_changing_vs_non": 0.8020257826887661
   },
   "ckpt": "runs/gate2/round5-genllm-randinit/ckpt.pt"
  },
  {
   "adapter": "gate2-clean",
   "data": "data/v1",
   "seed": 1,
   "eval_split": "val-heldout-layouts, val-heldout-predicates",
   "rollout": {
    "n": 500,
    "h1_err_median_by_type": {
     "state-changing": 68.35647201538086,
     "valid-no-op": 5.111904621124268,
     "invalid": 5.526653528213501
    },
    "h1_err_mean_by_type": {
     "state-changing": 66.78765108697702,
     "valid-no-op": 5.319091395898298,
     "invalid": 6.227731234318501
    },
    "err_median_by_horizon": {
     "1": 63.8542594909668,
     "2": 86.21149063110352,
     "3": 114.1739273071289
    }
   },
   "calibration": {
    "n": 500,
    "change_magnitude_median_by_type": {
     "state-changing": 8.087396621704102,
     "valid-no-op": 5.1408233642578125,
     "invalid": 5.626036643981934
    },
    "auc_state_changing_vs_non": 0.7787394759619167
   },
   "voe": {
    "n": 300,
    "n_alt_foils": 300,
    "n_two_edit_foils": 300,
    "foils_dropped_alt": 0,
    "foils_dropped_two_edit": 0,
    "err_true_median": 68.84077072143555,
    "acc_vs_alt_action_foil": 0.5433333333333333,
    "acc_vs_two_edit_foil_copy_passable": 0.99
   },
   "goal_ranking": {
    "n_episodes": 100,
    "episode_stratification": "round-robin over predicate kinds",
    "exemplar_ctx": "clean (exemplars always render banner=None/noise=None; finding 19 caveat for contaminated-input runs)",
    "rank_acc_vs_random": 0.8225806451612904,
    "rank_acc_vs_random_by_kind": {
     "cwd_is": {
      "acc": 0.6419753086419753,
      "n": 162
     },
     "file_absent": {
      "acc": 0.88,
      "n": 75
     },
     "file_exists": {
      "acc": 0.9119496855345912,
      "n": 159
     },
     "file_exists_with_class": {
      "acc": 0.8888888888888888,
      "n": 162
     }
    },
    "rank_acc_vs_invalid": 0.8602150537634409,
    "rank_margin_vs_random_median": 0.6234512329101562,
    "optimal_plan_final_goal_distance_median": 90.41598510742188,
    "executed_plan_distance_improved_frac": 1.0
   },
   "rule_clauses": {
    "scoring": "means (medians never used for clause verdicts)",
    "state_changing_h1_mean": 66.78765108697702,
    "noop_h1_mean": 5.319091395898298,
    "invalid_h1_mean": 6.227731234318501,
    "auc_state_changing_vs_non": 0.7787394759619167
   },
   "ckpt": "runs/gate2/round5-genllm-randinit/ckpt.pt"
  },
  {
   "adapter": "gate2-clean",
   "data": "data/v1",
   "seed": 2,
   "eval_split": "val-heldout-layouts, val-heldout-predicates",
   "rollout": {
    "n": 500,
    "h1_err_median_by_type": {
     "state-changing": 69.29877471923828,
     "valid-no-op": 5.101959228515625,
     "invalid": 5.609780311584473
    },
    "h1_err_mean_by_type": {
     "state-changing": 68.21727013046092,
     "valid-no-op": 5.298814910953328,
     "invalid": 6.305080285233058
    },
    "err_median_by_horizon": {
     "1": 62.34235191345215,
     "2": 81.60364151000977,
     "3": 110.76608657836914
    }
   },
   "calibration": {
    "n": 500,
    "change_magnitude_median_by_type": {
     "state-changing": 8.848310470581055,
     "valid-no-op": 5.132673263549805,
     "invalid": 5.559772729873657
    },
    "auc_state_changing_vs_non": 0.792239010989011
   },
   "voe": {
    "n": 300,
    "n_alt_foils": 300,
    "n_two_edit_foils": 300,
    "foils_dropped_alt": 0,
    "foils_dropped_two_edit": 0,
    "err_true_median": 68.1008529663086,
    "acc_vs_alt_action_foil": 0.5633333333333334,
    "acc_vs_two_edit_foil_copy_passable": 1.0
   },
   "goal_ranking": {
    "n_episodes": 100,
    "episode_stratification": "round-robin over predicate kinds",
    "exemplar_ctx": "clean (exemplars always render banner=None/noise=None; finding 19 caveat for contaminated-input runs)",
    "rank_acc_vs_random": 0.789980732177264,
    "rank_acc_vs_random_by_kind": {
     "cwd_is": {
      "acc": 0.6333333333333333,
      "n": 135
     },
     "file_absent": {
      "acc": 0.9266666666666666,
      "n": 75
     },
     "file_exists": {
      "acc": 0.8299319727891157,
      "n": 147
     },
     "file_exists_with_class": {
      "acc": 0.8209876543209876,
      "n": 162
     }
    },
    "rank_acc_vs_invalid": 0.8323699421965318,
    "rank_margin_vs_random_median": 0.5163116455078125,