{
 "ckpt": "runs/recon-v1-s0-4k/ckpt.pt",
 "regime": "both",
 "eval_split": "val-heldout-layouts",
 "fit_states": 20000,
 "eval_states": 5000,
 "eval_trajs_dropped_unseen_layout": 0,
 "probe_fit": {
  "steps": 400,
  "batch": 4096,
  "lr": 0.003,
  "standardized": true
 },
 "legacy_keys_dropped": [],
 "chance_floors": {
  "cwd_majority": 0.10279999673366547,
  "exists_pos_rate": 0.05688449740409851,
  "exists_balacc_chance": 0.5,
  "cls_majority_given_exists": 0.17482727766036987,
  "banner_chance": 0.015625
 },
 "encoder_d_out": 256,
 "linear": {
  "cwd_acc": 0.9319999814033508,
  "exists_balacc": 0.5779826268553734,
  "cls_acc_given_exists": 0.11731919646263123,
  "macro": 0.5424339349071184,
  "banner_acc": 0.020400000736117363,
  "by_depth": {
   "1": {
    "exists_balacc": 0.6036093533039093,
    "cls_acc_given_exists": 0.1334681510925293
   },
   "2": {
    "exists_balacc": 0.6280145347118378,
    "cls_acc_given_exists": 0.11999347060918808
   },
   "3": {
    "exists_balacc": 0.5192991457879543,
    "cls_acc_given_exists": 0.11208147555589676
   }
  }
 },
 "mlp": {
  "cwd_acc": 0.9733999967575073,
  "exists_balacc": 0.5828957334160805,
  "cls_acc_given_exists": 0.12353333830833435,
  "macro": 0.5599430228273073,
  "banner_acc": 0.01600000075995922,
  "by_depth": {
   "1": {
    "exists_balacc": 0.5733163356781006,
    "cls_acc_given_exists": 0.13077183067798615
   },
   "2": {
    "exists_balacc": 0.5969047844409943,
    "cls_acc_given_exists": 0.1284770369529724
   },
   "3": {
    "exists_balacc": 0.5541708245873451,
    "cls_acc_given_exists": 0.11888794600963593
   }
  }
 },
 "banner_swap_audit": {
  "banner_swap_dz_median": 1.116368055343628,
  "state_change_dz_median": 7.904674053192139,
  "ratio": 0.14122885465621948
 }
}