{
 "model": "answerdotai/ModernBERT-base",
 "random_init": false,
 "verbose": true,
 "model_params": 149014272,
 "data": "data/v1",
 "regime": "both",
 "eval_split": "val-heldout-layouts",
 "fit_states": 20000,
 "eval_states": 5000,
 "probe_fit": {
  "steps": 400,
  "batch": 4096,
  "lr": 0.003,
  "standardized": true,
  "content_fit_cap": 150000
 },
 "chance_floors": {
  "cwd_majority": 0.10279999673366547,
  "exists_pos_rate": 0.05688449740409851,
  "exists_balacc_chance": 0.5,
  "cls_majority_given_exists": 0.17482727766036987,
  "banner_chance": 0.015625
 },
 "encoder_d_out": 768,
 "pooled": {
  "linear": {
   "cwd_acc": 0.11739999800920486,
   "exists_balacc": 0.6618857681751251,
   "cls_acc_given_exists": 0.3079952597618103,
   "macro": 0.3624270086487134,
   "banner_acc": 0.0803999975323677,
   "by_depth": {
    "1": {
     "exists_balacc": 0.7610386610031128,
     "cls_acc_given_exists": 0.5151106715202332
    },
    "2": {
     "exists_balacc": 0.7020395398139954,
     "cls_acc_given_exists": 0.3885308802127838
    },
    "3": {
     "exists_balacc": 0.5775421783328056,
     "cls_acc_given_exists": 0.21245183050632477
    }
   }
  },
  "mlp": {
   "cwd_acc": 0.14339999854564667,
   "exists_balacc": 0.6045685932040215,
   "cls_acc_given_exists": 0.24131587147712708,
   "macro": 0.32976148774226505,
   "banner_acc": 0.06360000371932983,
   "by_depth": {
    "1": {
     "exists_balacc": 0.6960869133472443,
     "cls_acc_given_exists": 0.39546117186546326
    },
    "2": {
     "exists_balacc": 0.6337880790233612,
     "cls_acc_given_exists": 0.2928868532180786
    },
    "3": {
     "exists_balacc": 0.5435900576412678,
     "cls_acc_given_exists": 0.17534157633781433
    }
   }
  }
 },
 "path_keyed": {
  "exists_structural": {
   "balacc": 1.0,
   "note": "existence is the line-keying itself (parser-equivalent); verified against ground truth per state, not learned",
   "mismatch_states_fit": 0,
   "mismatch_states_eval": 0
  },
  "content_fit_pairs": 150000,
  "content_eval_pairs": 73381,
  "linear": {
   "cwd_acc": 1.0,
   "cls_acc_given_exists": 0.9999727606773376,
   "banner_acc": 0.07360000163316727,
   "cls_by_depth": {
    "1": 1.0,
    "2": 0.9999592304229736,
    "3": 0.9999749660491943
   },
   "macro_learned": 0.9999863803386688,
   "macro_with_structural_exists": 0.9999909202257792
  },
  "mlp": {
   "cwd_acc": 1.0,
   "cls_acc_given_exists": 0.9999182224273682,
   "banner_acc": 0.05999999865889549,
   "cls_by_depth": {
    "1": 1.0,
    "2": 0.9998776316642761,
    "3": 0.9999249577522278
   },
   "macro_learned": 0.9999591112136841,
   "macro_with_structural_exists": 0.9999727408091227
  }
 }
}