{
 "model": "answerdotai/ModernBERT-base",
 "random_init": true,
 "verbose": true,
 "model_params": 149014272,
 "data": "data/v1",
 "regime": "both",
 "eval_split": "val-heldout-layouts",
 "fit_states": 20000,
 "eval_states": 5000,
 "probe_fit": {
  "steps": 400,
  "batch": 4096,
  "lr": 0.003,
  "standardized": true,
  "content_fit_cap": 150000
 },
 "chance_floors": {
  "cwd_majority": 0.10279999673366547,
  "exists_pos_rate": 0.05688449740409851,
  "exists_balacc_chance": 0.5,
  "cls_majority_given_exists": 0.17482727766036987,
  "banner_chance": 0.015625
 },
 "encoder_d_out": 768,
 "pooled": {
  "linear": {
   "cwd_acc": 0.05999999865889549,
   "exists_balacc": 0.6348465085029602,
   "cls_acc_given_exists": 0.30003678798675537,
   "macro": 0.331627765049537,
   "banner_acc": 0.02879999950528145,
   "by_depth": {
    "1": {
     "exists_balacc": 0.6794244050979614,
     "cls_acc_given_exists": 0.4505111873149872
    },
    "2": {
     "exists_balacc": 0.6639627814292908,
     "cls_acc_given_exists": 0.3707888126373291
    },
    "3": {
     "exists_balacc": 0.5619996711611748,
     "cls_acc_given_exists": 0.22311195731163025
    }
   }
  },
  "mlp": {
   "cwd_acc": 0.10980000346899033,
   "exists_balacc": 0.6061305850744247,
   "cls_acc_given_exists": 0.24656246602535248,
   "macro": 0.3208310181895892,
   "banner_acc": 0.021199999377131462,
   "by_depth": {
    "1": {
     "exists_balacc": 0.6573397368192673,
     "cls_acc_given_exists": 0.39006853103637695
    },
    "2": {
     "exists_balacc": 0.6358631551265717,
     "cls_acc_given_exists": 0.3022269308567047
    },
    "3": {
     "exists_balacc": 0.5506808273494244,
     "cls_acc_given_exists": 0.18044643104076385
    }
   }
  }
 },
 "path_keyed": {
  "exists_structural": {
   "balacc": 1.0,
   "note": "existence is the line-keying itself (parser-equivalent); verified against ground truth per state, not learned",
   "mismatch_states_fit": 0,
   "mismatch_states_eval": 0
  },
  "content_fit_pairs": 150000,
  "content_eval_pairs": 73381,
  "linear": {
   "cwd_acc": 0.7781999707221985,
   "cls_acc_given_exists": 1.0,
   "banner_acc": 0.010599999688565731,
   "cls_by_depth": {
    "1": 1.0,
    "2": 1.0,
    "3": 1.0
   },
   "macro_learned": 0.8890999853610992,
   "macro_with_structural_exists": 0.9260666569073995
  },
  "mlp": {
   "cwd_acc": 0.7847999930381775,
   "cls_acc_given_exists": 1.0,
   "banner_acc": 0.009600000455975533,
   "cls_by_depth": {
    "1": 1.0,
    "2": 1.0,
    "3": 1.0
   },
   "macro_learned": 0.8923999965190887,
   "macro_with_structural_exists": 0.9282666643460592
  }
 }
}