{
 "model": "answerdotai/ModernBERT-base",
 "random_init": true,
 "model_params": 149014272,
 "data": "data/v1",
 "regime": "both",
 "eval_split": "val-heldout-layouts",
 "fit_states": 20000,
 "eval_states": 5000,
 "probe_fit": {
  "steps": 400,
  "batch": 4096,
  "lr": 0.003,
  "standardized": true,
  "content_fit_cap": 150000
 },
 "chance_floors": {
  "cwd_majority": 0.10279999673366547,
  "exists_pos_rate": 0.05688449740409851,
  "exists_balacc_chance": 0.5,
  "cls_majority_given_exists": 0.17482727766036987,
  "banner_chance": 0.015625
 },
 "encoder_d_out": 768,
 "pooled": {
  "linear": {
   "cwd_acc": 0.1518000066280365,
   "exists_balacc": 0.5985694527626038,
   "cls_acc_given_exists": 0.16857224702835083,
   "macro": 0.3063139021396637,
   "banner_acc": 0.7874000072479248,
   "by_depth": {
    "1": {
     "exists_balacc": 0.6837190985679626,
     "cls_acc_given_exists": 0.22783957421779633
    },
    "2": {
     "exists_balacc": 0.6508921682834625,
     "cls_acc_given_exists": 0.19626396894454956
    },
    "3": {
     "exists_balacc": 0.5193584449589252,
     "cls_acc_given_exists": 0.1383814662694931
    }
   }
  },
  "mlp": {
   "cwd_acc": 0.11819999665021896,
   "exists_balacc": 0.606599360704422,
   "cls_acc_given_exists": 0.16475655138492584,
   "macro": 0.29651863624652225,
   "banner_acc": 0.23119999468326569,
   "by_depth": {
    "1": {
     "exists_balacc": 0.6466020047664642,
     "cls_acc_given_exists": 0.17784518003463745
    },
    "2": {
     "exists_balacc": 0.6273434609174728,
     "cls_acc_given_exists": 0.1824781745672226
    },
    "3": {
     "exists_balacc": 0.5571196600794792,
     "cls_acc_given_exists": 0.15096841752529144
    }
   }
  },
  "banner_swap_audit": {
   "banner_swap_dz_median": 0.256039023399353,
   "state_change_dz_median": 0.23210139572620392,
   "ratio": 1.1031343546998178
  }
 },
 "path_keyed": {
  "exists_structural": {
   "balacc": 1.0,
   "note": "existence is the line-keying itself (parser-equivalent); verified against ground truth per state, not learned",
   "mismatch_states_fit": 0,
   "mismatch_states_eval": 0
  },
  "content_fit_pairs": 150000,
  "content_eval_pairs": 73381,
  "linear": {
   "cwd_acc": 0.8393999934196472,
   "cls_acc_given_exists": 1.0,
   "banner_acc": 0.06340000033378601,
   "cls_by_depth": {
    "1": 1.0,
    "2": 1.0,
    "3": 1.0
   },
   "macro_learned": 0.9196999967098236,
   "macro_with_structural_exists": 0.9464666644732157
  },
  "mlp": {
   "cwd_acc": 0.879800021648407,
   "cls_acc_given_exists": 1.0,
   "banner_acc": 0.015799999237060547,
   "cls_by_depth": {
    "1": 1.0,
    "2": 1.0,
    "3": 1.0
   },
   "macro_learned": 0.9399000108242035,
   "macro_with_structural_exists": 0.959933340549469
  },
  "banner_line_audit": {
   "banner_swap_line_dz_median": 0.026126401498913765,
   "state_change_unchanged_line_dz_median": 0.030286628752946854,
   "ratio": 0.8626381533590692
  }
 }
}