{
 "model": "answerdotai/ModernBERT-base",
 "model_params": 149014272,
 "data": "data/v1",
 "regime": "both",
 "eval_split": "val-heldout-layouts",
 "fit_states": 20000,
 "eval_states": 5000,
 "probe_fit": {
  "steps": 400,
  "batch": 4096,
  "lr": 0.003,
  "standardized": true,
  "content_fit_cap": 150000
 },
 "chance_floors": {
  "cwd_majority": 0.10279999673366547,
  "exists_pos_rate": 0.05688449740409851,
  "exists_balacc_chance": 0.5,
  "cls_majority_given_exists": 0.17482727766036987,
  "banner_chance": 0.015625
 },
 "encoder_d_out": 768,
 "pooled": {
  "linear": {
   "cwd_acc": 0.4564000070095062,
   "exists_balacc": 0.7146673202514648,
   "cls_acc_given_exists": 0.16109074652194977,
   "macro": 0.44405269126097363,
   "banner_acc": 0.45100000500679016,
   "by_depth": {
    "1": {
     "exists_balacc": 0.8965820372104645,
     "cls_acc_given_exists": 0.26839679479599
    },
    "2": {
     "exists_balacc": 0.7602688372135162,
     "cls_acc_given_exists": 0.1747695505619049
    },
    "3": {
     "exists_balacc": 0.6188776195049286,
     "cls_acc_given_exists": 0.12879735231399536
    }
   }
  },
  "mlp": {
   "cwd_acc": 0.40880000591278076,
   "exists_balacc": 0.6457674652338028,
   "cls_acc_given_exists": 0.14799471199512482,
   "macro": 0.40085406104723614,
   "banner_acc": 0.3384000062942505,
   "by_depth": {
    "1": {
     "exists_balacc": 0.8268863260746002,
     "cls_acc_given_exists": 0.19155150651931763
    },
    "2": {
     "exists_balacc": 0.6679856181144714,
     "cls_acc_given_exists": 0.15874052047729492
    },
    "3": {
     "exists_balacc": 0.575790211558342,
     "cls_acc_given_exists": 0.13170011341571808
    }
   }
  },
  "banner_swap_audit": {
   "banner_swap_dz_median": 0.7567178606987,
   "state_change_dz_median": 0.6489980816841125,
   "ratio": 1.1659785784498173
  }
 },
 "path_keyed": {
  "exists_structural": {
   "balacc": 1.0,
   "note": "existence is the line-keying itself (parser-equivalent); verified against ground truth per state, not learned",
   "mismatch_states_fit": 0,
   "mismatch_states_eval": 0
  },
  "content_fit_pairs": 150000,
  "content_eval_pairs": 73381,
  "linear": {
   "cwd_acc": 1.0,
   "cls_acc_given_exists": 1.0,
   "banner_acc": 0.3091999888420105,
   "cls_by_depth": {
    "1": 1.0,
    "2": 1.0,
    "3": 1.0
   },
   "macro_learned": 1.0,
   "macro_with_structural_exists": 1.0
  },
  "mlp": {
   "cwd_acc": 1.0,
   "cls_acc_given_exists": 0.9999863505363464,
   "banner_acc": 0.227400004863739,
   "cls_by_depth": {
    "1": 1.0,
    "2": 1.0,
    "3": 0.9999749660491943
   },
   "macro_learned": 0.9999931752681732,
   "macro_with_structural_exists": 0.9999954501787821
  },
  "banner_line_audit": {
   "banner_swap_line_dz_median": 0.6629447340965271,
   "state_change_unchanged_line_dz_median": 0.8865178227424622,
   "ratio": 0.7478075647094078
  }
 }
}