{
 "adapter": "gate2-clean",
 "ckpt": "runs/gate2/round4-randinit-ew10/ckpt.pt",
 "data": "data/v1",
 "seeds": [
  0,
  1,
  2,
  3,
  4
 ],
 "aggregate": {
  "rule_clauses.state_changing_h1_mean": {
   "mean": 72.18346575629826,
   "std": 0.48419307096789144,
   "min": 71.80215008720677,
   "max": 73.06728082895279,
   "n_seeds": 5
  },
  "rule_clauses.noop_h1_mean": {
   "mean": 12.048350946813512,
   "std": 0.38606230423353716,
   "min": 11.556319317575229,
   "max": 12.489342147653753,
   "n_seeds": 5
  },
  "rule_clauses.invalid_h1_mean": {
   "mean": 22.25578564380937,
   "std": 0.8688520096793323,
   "min": 21.13225402058782,
   "max": 23.613529004548724,
   "n_seeds": 5
  },
  "rule_clauses.auc_state_changing_vs_non": {
   "mean": 0.8791663679536642,
   "std": 0.011053564342571499,
   "min": 0.8676470588235294,
   "max": 0.8998741049649854,
   "n_seeds": 5
  },
  "voe.acc_vs_alt_action_foil": {
   "mean": 0.598,
   "std": 0.026799668322989034,
   "min": 0.5566666666666666,
   "max": 0.6233333333333333,
   "n_seeds": 5
  },
  "goal_ranking.rank_acc_vs_random": {
   "mean": 0.8021920408464581,
   "std": 0.015745603351106172,
   "min": 0.7867383512544803,
   "max": 0.8285163776493256,
   "n_seeds": 5
  },
  "goal_ranking.rank_acc_vs_invalid": {
   "mean": 0.720880147892166,
   "std": 0.019586370748510204,
   "min": 0.6827956989247311,
   "max": 0.7348066298342542,
   "n_seeds": 5
  }
 },
 "per_seed": [
  {
   "adapter": "gate2-clean",
   "data": "data/v1",
   "seed": 0,
   "eval_split": "val-heldout-layouts, val-heldout-predicates",
   "rollout": {
    "n": 500,
    "h1_err_median_by_type": {
     "state-changing": 74.28400421142578,
     "valid-no-op": 10.707892417907715,
     "invalid": 22.352615356445312
    },
    "h1_err_mean_by_type": {
     "state-changing": 71.83445463639819,
     "valid-no-op": 12.442920684814453,
     "invalid": 21.675991031858658
    },
    "err_median_by_horizon": {
     "1": 67.13912963867188,
     "2": 88.67544937133789,
     "3": 117.44744873046875
    }
   },
   "calibration": {
    "n": 500,
    "change_magnitude_median_by_type": {
     "state-changing": 30.830955505371094,
     "valid-no-op": 10.697458267211914,
     "invalid": 22.04709815979004
    },
    "auc_state_changing_vs_non": 0.8793738489871087
   },
   "voe": {
    "n": 300,
    "n_alt_foils": 300,
    "n_two_edit_foils": 300,
    "foils_dropped_alt": 0,
    "foils_dropped_two_edit": 0,
    "err_true_median": 74.92850875854492,
    "acc_vs_alt_action_foil": 0.5566666666666666,
    "acc_vs_two_edit_foil_copy_passable": 0.99
   },
   "goal_ranking": {
    "n_episodes": 100,
    "episode_stratification": "round-robin over predicate kinds",
    "exemplar_ctx": "clean (exemplars always render banner=None/noise=None; finding 19 caveat for contaminated-input runs)",
    "rank_acc_vs_random": 0.7887700534759359,
    "rank_acc_vs_random_by_kind": {
     "cwd_is": {
      "acc": 0.8066666666666666,
      "n": 150
     },
     "file_absent": {
      "acc": 0.82,
      "n": 75
     },
     "file_exists": {
      "acc": 0.782051282051282,
      "n": 156
     },
     "file_exists_with_class": {
      "acc": 0.7666666666666667,
      "n": 180
     }
    },
    "rank_acc_vs_invalid": 0.7219251336898396,
    "rank_margin_vs_random_median": 3.2664642333984375,
    "optimal_plan_final_goal_distance_median": 92.34882736206055,
    "executed_plan_distance_improved_frac": 1.0
   },
   "rule_clauses": {
    "scoring": "means (medians never used for clause verdicts)",
    "state_changing_h1_mean": 71.83445463639819,
    "noop_h1_mean": 12.442920684814453,
    "invalid_h1_mean": 21.675991031858658,
    "auc_state_changing_vs_non": 0.8793738489871087
   },
   "ckpt": "runs/gate2/round4-randinit-ew10/ckpt.pt"
  },
  {
   "adapter": "gate2-clean",
   "data": "data/v1",
   "seed": 1,
   "eval_split": "val-heldout-layouts, val-heldout-predicates",
   "rollout": {
    "n": 500,
    "h1_err_median_by_type": {
     "state-changing": 73.78702926635742,
     "valid-no-op": 10.735272407531738,
     "invalid": 20.853166580200195
    },
    "h1_err_mean_by_type": {
     "state-changing": 71.80215008720677,
     "valid-no-op": 12.489342147653753,
     "invalid": 21.13225402058782
    },
    "err_median_by_horizon": {
     "1": 69.01312637329102,
     "2": 90.04862976074219,
     "3": 118.472412109375
    }
   },
   "calibration": {
    "n": 500,
    "change_magnitude_median_by_type": {
     "state-changing": 31.152326583862305,
     "valid-no-op": 10.75088882446289,
     "invalid": 19.292415618896484
    },
    "auc_state_changing_vs_non": 0.8998741049649854
   },
   "voe": {
    "n": 300,
    "n_alt_foils": 300,
    "n_two_edit_foils": 300,
    "foils_dropped_alt": 0,
    "foils_dropped_two_edit": 0,
    "err_true_median": 74.09414291381836,
    "acc_vs_alt_action_foil": 0.6233333333333333,
    "acc_vs_two_edit_foil_copy_passable": 0.9933333333333333
   },
   "goal_ranking": {
    "n_episodes": 100,
    "episode_stratification": "round-robin over predicate kinds",
    "exemplar_ctx": "clean (exemplars always render banner=None/noise=None; finding 19 caveat for contaminated-input runs)",
    "rank_acc_vs_random": 0.7867383512544803,
    "rank_acc_vs_random_by_kind": {
     "cwd_is": {
      "acc": 0.8641975308641975,
      "n": 162
     },
     "file_absent": {
      "acc": 0.8266666666666667,
      "n": 75
     },
     "file_exists": {
      "acc": 0.7169811320754716,
      "n": 159
     },
     "file_exists_with_class": {
      "acc": 0.7592592592592593,
      "n": 162
     }
    },
    "rank_acc_vs_invalid": 0.6827956989247311,
    "rank_margin_vs_random_median": 3.574399948120117,
    "optimal_plan_final_goal_distance_median": 94.77503204345703,
    "executed_plan_distance_improved_frac": 1.0
   },
   "rule_clauses": {
    "scoring": "means (medians never used for clause verdicts)",
    "state_changing_h1_mean": 71.80215008720677,
    "noop_h1_mean": 12.489342147653753,
    "invalid_h1_mean": 21.13225402058782,
    "auc_state_changing_vs_non": 0.8998741049649854
   },
   "ckpt": "runs/gate2/round4-randinit-ew10/ckpt.pt"
  },
  {
   "adapter": "gate2-clean",
   "data": "data/v1",
   "seed": 2,
   "eval_split": "val-heldout-layouts, val-heldout-predicates",
   "rollout": {
    "n": 500,
    "h1_err_median_by_type": {
     "state-changing": 74.09432220458984,
     "valid-no-op": 10.611144065856934,
     "invalid": 25.62664794921875
    },
    "h1_err_mean_by_type": {
     "state-changing": 73.06728082895279,
     "valid-no-op": 11.556319317575229,
     "invalid": 22.797936782408296
    },
    "err_median_by_horizon": {
     "1": 67.49142074584961,
     "2": 86.65418243408203,
     "3": 116.21864700317383
    }
   },
   "calibration": {
    "n": 500,
    "change_magnitude_median_by_type": {
     "state-changing": 31.399484634399414,
     "valid-no-op": 10.635148048400879,
     "invalid": 22.612565994262695
    },
    "auc_state_changing_vs_non": 0.8676470588235294
   },
   "voe": {
    "n": 300,
    "n_alt_foils": 300,
    "n_two_edit_foils": 300,
    "foils_dropped_alt": 0,
    "foils_dropped_two_edit": 0,
    "err_true_median": 72.48917007446289,
    "acc_vs_alt_action_foil": 0.61,
    "acc_vs_two_edit_foil_copy_passable": 1.0
   },
   "goal_ranking": {
    "n_episodes": 100,
    "episode_stratification": "round-robin over predicate kinds",
    "exemplar_ctx": "clean (exemplars always render banner=None/noise=None; finding 19 caveat for contaminated-input runs)",
    "rank_acc_vs_random": 0.8285163776493256,
    "rank_acc_vs_random_by_kind": {
     "cwd_is": {
      "acc": 0.8851851851851852,
      "n": 135
     },
     "file_absent": {
      "acc": 0.8333333333333334,
      "n": 75
     },
     "file_exists": {
      "acc": 0.8231292517006803,
      "n": 147
     },
     "file_exists_with_class": {
      "acc": 0.7839506172839507,
      "n": 162
     }
    },
    "rank_acc_vs_invalid": 0.7341040462427746,
    "rank_margin_vs_random_median": 4.1142425537109375,